,open,high,low,close,volume,date
3805,61.1245002746582,61.643001556396484,60.27750015258789,60.29999923706055,24504000,2019-10-01
3806,59.82500076293945,59.9379997253418,58.631500244140625,58.895999908447266,33030000,2019-10-02
3807,59.16699981689453,59.54999923706055,58.15700149536133,59.471500396728516,28368000,2019-10-03
3808,59.714500427246094,60.62300109863281,59.548500061035156,60.54800033569336,24282000,2019-10-04
3809,60.349998474121094,60.945499420166016,60.21799850463867,60.412498474121094,17040000,2019-10-07
3810,59.938499450683594,60.34349822998047,59.4739990234375,59.506500244140625,20086000,2019-10-08
3811,60.06650161743164,60.42300033569336,59.90599822998047,60.119998931884766,15948000,2019-10-09
3812,59.93000030517578,60.78099822998047,59.893001556396484,60.4734992980957,12842000,2019-10-10
3813,61.201499938964844,61.4375,60.68199920654297,60.785499572753906,22330000,2019-10-11
3814,60.69449996948242,61.29399871826172,60.59400177001953,60.88850021362305,13296000,2019-10-14
3815,61.07500076293945,62.35649871826172,61.04600143432617,62.11199951171875,27584000,2019-10-15
3816,62.09049987792969,62.70949935913086,61.92649841308594,62.150001525878906,22986000,2019-10-16
3817,62.56999969482422,63.1875,62.493499755859375,62.63999938964844,20958000,2019-10-17
3818,62.734500885009766,62.90549850463867,62.00699996948242,62.22050094604492,31624000,2019-10-18
3819,62.435001373291016,62.675498962402344,61.9995002746582,62.2140007019043,18094000,2019-10-21
3820,62.2239990234375,62.436500549316406,61.99250030517578,62.060001373291016,22862000,2019-10-22
3821,62.010501861572266,62.902000427246094,62.010501861572266,62.881500244140625,21282000,2019-10-23
3822,62.955501556396484,63.14500045776367,62.61750030517578,62.955501556396484,20224000,2019-10-24
3823,62.599998474121094,63.400001525878906,62.45750045776367,63.21500015258789,27104000,2019-10-25
3824,63.75,64.96199798583984,63.615501403808594,64.4489974975586,65428000,2019-10-28
3825,63.79999923706055,64.04000091552734,62.78049850463867,63.03300094604492,52654000,2019-10-29
3826,62.75749969482422,63.4010009765625,62.532501220703125,63.03499984741211,29204000,2019-10-30
3827,63.0,63.32600021362305,62.4739990234375,62.939998626708984,31904000,2019-10-31
3828,63.290000915527344,63.650001525878906,62.98550033569336,63.61249923706055,28812000,2019-11-01
3829,63.80550003051758,64.625,63.80550003051758,64.48049926757812,30632000,2019-11-04
3830,64.55999755859375,64.86199951171875,64.46900177001953,64.5719985961914,25148000,2019-11-05
3831,64.50450134277344,64.64949798583984,64.1135025024414,64.55049896240234,24626000,2019-11-06
3832,64.71399688720703,66.13249969482422,64.6875,65.34700012207031,45140000,2019-11-07
3833,65.07599639892578,65.85549926757812,65.07599639892578,65.44999694824219,30392000,2019-11-08
3834,65.19999694824219,65.24500274658203,64.79350280761719,64.91400146484375,17234000,2019-11-11
3835,64.92849731445312,65.46749877929688,64.71199798583984,64.8604965209961,28852000,2019-11-12
3836,64.65899658203125,65.1259994506836,64.60749816894531,64.80899810791016,20538000,2019-11-13
3837,64.75,65.78600311279297,64.6969985961914,65.4574966430664,28948000,2019-11-14
3838,65.75250244140625,66.677001953125,65.59449768066406,66.677001953125,39286000,2019-11-15
3839,66.61699676513672,66.69599914550781,65.80799865722656,65.99199676513672,27984000,2019-11-18
3840,66.33149719238281,66.33149719238281,65.5885009765625,65.62950134277344,21864000,2019-11-19
3841,65.56800079345703,65.6604995727539,64.46050262451172,65.09300231933594,28892000,2019-11-20
3842,64.9625015258789,65.55599975585938,64.5374984741211,65.00700378417969,25546000,2019-11-21
3843,65.1500015258789,65.34500122070312,64.46800231933594,64.68350219726562,27776000,2019-11-22
3844,64.81300354003906,65.52050018310547,64.78050231933594,65.28199768066406,23590000,2019-11-25
3845,65.49549865722656,65.70050048828125,65.2020034790039,65.6500015258789,21910000,2019-11-26
3846,65.77100372314453,65.88200378417969,65.47350311279297,65.60649871826172,18808000,2019-11-27
3847,65.33000183105469,65.49749755859375,65.1614990234375,65.20449829101562,12802000,2019-11-29
3848,65.12799835205078,65.27200317382812,64.01899719238281,64.44300079345703,26538000,2019-12-02
3849,63.93299865722656,64.86150360107422,63.852500915527344,64.73699951171875,25270000,2019-12-03
3850,65.30500030517578,66.2135009765625,65.15249633789062,65.9469985961914,35506000,2019-12-04
3851,66.3499984741211,66.39900207519531,65.71600341796875,66.3479995727539,24408000,2019-12-05
3852,66.63749694824219,67.12349700927734,66.5615005493164,66.96949768066406,32968000,2019-12-06
3853,66.94300079345703,67.87750244140625,66.80349731445312,67.14949798583984,30842000,2019-12-09
3854,66.99700164794922,67.4000015258789,66.69999694824219,67.14450073242188,17606000,2019-12-10
3855,67.41500091552734,67.49449920654297,67.05500030517578,67.2125015258789,20480000,2019-12-11
3856,67.1604995727539,67.72899627685547,66.91000366210938,67.42449951171875,29114000,2019-12-12
3857,67.3949966430664,67.56749725341797,67.08300018310547,67.34349822998047,33170000,2019-12-13
3858,67.75,68.17649841308594,67.53050231933594,68.03500366210938,28128000,2019-12-16
3859,68.12049865722656,68.21649932861328,67.53849792480469,67.74449920654297,32948000,2019-12-17
3860,67.8499984741211,67.97149658203125,67.52300262451172,67.59549713134766,23330000,2019-12-18
3861,67.59549713134766,67.87650299072266,67.4375,67.8219985961914,28922000,2019-12-19
3862,68.15499877929688,68.19999694824219,67.5364990234375,67.56099700927734,50090000,2019-12-20
3863,67.9365005493164,68.09249877929688,67.4000015258789,67.53150177001953,19936000,2019-12-23
3864,67.510498046875,67.60050201416016,67.20850372314453,67.22149658203125,13468000,2019-12-24
3865,67.32749938964844,68.16000366210938,67.27549743652344,68.12349700927734,23662000,2019-12-26
3866,68.19999694824219,68.35250091552734,67.6500015258789,67.73200225830078,23212000,2019-12-27
3867,67.84049987792969,67.8499984741211,66.89199829101562,66.9854965209961,19994000,2019-12-30
3868,66.78949737548828,67.03299713134766,66.60649871826172,66.96949768066406,19514000,2019-12-31
3869,67.42050170898438,68.43399810791016,67.32450103759766,68.43399810791016,27278000,2020-01-02
3870,67.4000015258789,68.6875,67.36599731445312,68.07599639892578,23408000,2020-01-03
3871,67.58149719238281,69.91600036621094,67.55000305175781,69.8905029296875,46768000,2020-01-06
3872,70.02300262451172,70.17500305175781,69.5780029296875,69.75550079345703,34330000,2020-01-07
3873,69.74099731445312,70.59249877929688,69.63150024414062,70.25199890136719,35314000,2020-01-08
3874,71.09649658203125,71.43399810791016,70.510498046875,70.989501953125,33200000,2020-01-09
3875,71.47350311279297,71.74700164794922,70.9800033569336,71.447998046875,26258000,2020-01-10
3876,71.76249694824219,72.0739974975586,71.26850128173828,72.00150299072266,30730000,2020-01-13
3877,72.0,72.13150024414062,71.38849639892578,71.52950286865234,26076000,2020-01-14
3878,71.6510009765625,72.03900146484375,71.58300018310547,71.95999908447266,21550000,2020-01-15
3879,72.27249908447266,72.53500366210938,72.0,72.50800323486328,26080000,2020-01-16
3880,73.12699890136719,74.02749633789062,72.82749938964844,73.97599792480469,52424000,2020-01-17
3881,73.94999694824219,74.49400329589844,73.510498046875,74.11250305175781,48930000,2020-01-21
3882,74.48650360107422,75.02899932861328,74.13300323486328,74.19349670410156,28458000,2020-01-22
3883,74.37750244140625,74.67500305175781,74.01599884033203,74.2344970703125,26650000,2020-01-23
3884,74.64099884033203,74.70999908447266,73.15899658203125,73.30850219726562,29786000,2020-01-24
3885,71.5770034790039,71.8290023803711,70.9749984741211,71.58650207519531,34132000,2020-01-27
3886,72.08699798583984,72.73999786376953,71.51799774169922,72.5250015258789,29724000,2020-01-28
3887,72.9229965209961,73.20700073242188,72.26950073242188,72.83499908447266,21566000,2020-01-29
3888,71.90499877929688,72.76249694824219,71.75,72.7125015258789,27110000,2020-01-30
3889,73.39299774169922,73.4834976196289,71.35299682617188,71.63899993896484,43822000,2020-01-31
3890,73.0824966430664,74.31500244140625,72.83049774169922,74.12999725341797,71636000,2020-02-03
3891,72.72450256347656,73.36699676513672,71.10150146484375,72.27050018310547,95880000,2020-02-04
3892,73.18049621582031,73.22899627685547,71.48400115966797,72.30249786376953,36376000,2020-02-05
3893,72.5989990234375,74.0780029296875,72.52400207519531,73.79850006103516,37822000,2020-02-06
3894,73.36949920654297,74.26249694824219,73.27050018310547,73.95549774169922,28360000,2020-02-07
3895,73.86150360107422,75.44400024414062,73.76000213623047,75.43299865722656,38302000,2020-02-10
3896,75.66349792480469,76.49400329589844,75.27249908447266,75.50299835205078,34852000,2020-02-11
3897,75.79299926757812,76.01499938964844,75.43350219726562,75.93150329589844,31042000,2020-02-12
3898,75.5,76.29750061035156,75.19999694824219,75.66950225830078,22914000,2020-02-13
3899,75.72650146484375,76.00250244140625,75.27749633789062,75.9365005493164,23198000,2020-02-14
3900,75.71700286865234,76.52799987792969,75.55049896240234,75.97200012207031,25642000,2020-02-18
3901,76.36000061035156,76.53700256347656,76.04900360107422,76.24349975585938,22746000,2020-02-19
3902,75.95050048828125,76.35350036621094,75.21299743652344,75.84950256347656,25962000,2020-02-20
3903,75.22899627685547,75.54750061035156,73.92449951171875,74.1729965209961,42520000,2020-02-21
3904,71.15249633789062,71.81900024414062,70.3395004272461,70.99299621582031,49560000,2020-02-24
3905,71.55000305175781,71.84249877929688,69.02100372314453,69.31600189208984,51580000,2020-02-25
3906,69.7490005493164,70.68350219726562,68.82749938964844,69.52349853515625,49776000,2020-02-26
3907,67.95700073242188,68.47000122070312,65.71199798583984,65.74749755859375,62290000,2020-02-27
3908,63.71549987792969,67.12249755859375,63.410499572753906,66.9625015258789,80198000,2020-02-28
3909,67.56950378417969,69.37349700927734,66.26000213623047,69.31600189208984,55430000,2020-03-02
3910,69.88400268554688,70.40950012207031,66.46199798583984,66.88600158691406,56602000,2020-03-03
3911,67.947998046875,69.13899993896484,66.8499984741211,69.08000183105469,47598000,2020-03-04
3912,67.27749633789062,67.68150329589844,65.08200073242188,65.73799896240234,54380000,2020-03-05
3913,63.497501373291016,65.13749694824219,62.86050033569336,64.78700256347656,64640000,2020-03-06
3914,60.24800109863281,62.63650131225586,59.902000427246094,60.78950119018555,69252000,2020-03-09
3915,62.71950149536133,63.79249954223633,60.72549819946289,63.75849914550781,54872000,2020-03-10
3916,62.41350173950195,62.846500396728516,59.55699920654297,60.54499816894531,54732000,2020-03-11
3917,56.13100051879883,59.4375,55.423500061035156,55.57749938964844,94326000,2020-03-12
3918,58.7495002746582,60.720001220703125,55.614498138427734,60.7135009765625,79400000,2020-03-13
3919,54.480499267578125,57.27349853515625,53.354000091552734,53.650001525878906,96520000,2020-03-16
3920,54.53200149536133,56.29999923706055,52.45500183105469,55.90299987792969,83194000,2020-03-17
3921,52.99700164794922,55.2495002746582,51.849998474121094,54.55950164794922,93044000,2020-03-18
3922,54.4109992980957,57.63050079345703,52.77750015258789,55.583499908447266,74064000,2020-03-19
3923,56.54499816894531,56.92399978637695,53.10499954223633,53.410499572753906,82878000,2020-03-20
3924,52.81850051879883,53.34550094604492,50.44350051879883,52.70650100708008,83672000,2020-03-23
3925,55.19900131225586,56.666500091552734,54.32149887084961,56.5004997253418,72468000,2020-03-24
3926,56.229000091552734,57.30849838256836,54.1505012512207,55.08100128173828,90324000,2020-03-25
3927,55.736000061035156,58.57400131225586,54.60150146484375,58.145999908447266,76562000,2020-03-26
3928,56.37350082397461,57.5525016784668,55.20000076293945,55.51300048828125,62794000,2020-03-27
3929,56.63199996948242,57.54999923706055,54.92449951171875,57.31549835205078,58736000,2020-03-30
3930,57.436500549316406,58.66999816894531,56.83599853515625,58.09749984741211,65228000,2020-03-31
3931,56.20000076293945,56.47100067138672,54.67449951171875,55.10499954223633,51970000,2020-04-01
3932,55.0,56.13850021362305,54.65650177001953,55.85150146484375,56410000,2020-04-02
3933,55.73550033569336,55.93949890136719,53.75400161743164,54.6349983215332,51374000,2020-04-03
3934,56.650001525878906,59.537498474121094,56.25,59.15950012207031,63320000,2020-04-06
3935,60.85049819946289,61.03900146484375,58.86249923706055,59.12799835205078,61620000,2020-04-07
3936,60.154998779296875,60.744998931884766,59.1974983215332,60.349998474121094,40334000,2020-04-08
3937,60.909000396728516,61.0994987487793,59.62099838256836,60.32849884033203,54028000,2020-04-09
3938,60.07500076293945,60.72600173950195,59.11650085449219,60.52050018310547,38702000,2020-04-13
3939,61.99850082397461,63.787498474121094,61.426998138427734,63.26150131225586,63358000,2020-04-14
3940,62.32550048828125,63.75550079345703,61.70000076293945,62.8650016784668,42236000,2020-04-15
3941,63.356998443603516,63.667999267578125,61.90999984741211,62.871498107910156,57896000,2020-04-16
3942,64.08499908447266,64.5,63.29999923706055,63.95000076293945,51050000,2020-04-17
3943,63.49449920654297,63.840999603271484,62.821998596191406,63.057498931884766,35292000,2020-04-20
3944,62.135501861572266,62.5,60.25,60.608001708984375,49648000,2020-04-21
3945,62.05550003051758,63.99399948120117,61.86000061035156,62.920501708984375,46296000,2020-04-22
3946,63.2869987487793,64.40750122070312,63.0265007019043,63.55849838256836,34202000,2020-04-23
3947,62.75,63.885501861572266,62.20000076293945,63.83000183105469,37402000,2020-04-24
3948,64.5999984741211,64.70500183105469,63.25299835205078,63.542999267578125,44186000,2020-04-27
3949,64.16000366210938,64.23799896240234,61.51900100708008,61.62950134277344,80700000,2020-04-28
3950,67.25,68.00749969482422,66.33650207519531,67.10900115966797,108358000,2020-04-29
3951,66.56800079345703,67.5,66.07499694824219,67.33499908447266,55842000,2020-04-30
3952,66.20449829101562,67.57150268554688,65.48300170898438,65.86599731445312,48872000,2020-05-01
3953,65.40650177001953,66.22350311279297,64.80049896240234,66.1449966430664,30806000,2020-05-04
3954,66.875,68.55049896240234,66.75150299072266,67.45099639892578,39666000,2020-05-05
3955,67.9000015258789,68.43450164794922,67.25650024414062,67.27149963378906,31732000,2020-05-06
3956,68.06549835205078,68.80000305175781,67.62699890136719,68.46399688720703,30652000,2020-05-07
3957,69.09100341796875,69.83200073242188,68.60050201416016,69.21700286865234,33326000,2020-05-08
3958,68.8395004272461,70.77649688720703,68.7750015258789,70.17949676513672,32718000,2020-05-11
3959,70.41100311279297,70.71649932861328,68.72550201416016,68.75900268554688,33918000,2020-05-12
3960,68.80799865722656,69.2665023803711,66.40049743652344,67.41649627685547,40368000,2020-05-13
3961,66.6760025024414,67.86849975585938,66.16500091552734,67.84300231933594,36660000,2020-05-14
3962,67.41300201416016,68.72899627685547,66.94999694824219,68.65299987792969,41544000,2020-05-15
3963,68.0790023803711,69.63800048828125,67.70999908447266,69.25900268554688,47094000,2020-05-18
3964,69.27400207519531,69.62449645996094,68.68800354003906,68.72000122070312,31586000,2020-05-19
3965,69.45800018310547,70.60150146484375,69.37100219726562,70.45800018310547,38262000,2020-05-20
3966,70.54949951171875,70.822998046875,69.71949768066406,70.3375015258789,30894000,2020-05-21
3967,70.19499969482422,70.8499984741211,69.79750061035156,70.66200256347656,28544000,2020-05-22
3968,72.0979995727539,72.25550079345703,70.97000122070312,71.06849670410156,44590000,2020-05-26
3969,71.0,71.26750183105469,69.7300033569336,71.01399993896484,31684000,2020-05-27
3970,70.0,72.2229995727539,69.9540023803711,70.91200256347656,35170000,2020-05-28
3971,71.02149963378906,71.83650207519531,70.79900360107422,71.6760025024414,37044000,2020-05-29
3972,71.28500366210938,72.0790023803711,71.11399841308594,71.74349975585938,25162000,2020-06-01
3973,71.75,72.1500015258789,71.08049774169922,72.1155014038086,23442000,2020-06-02
3974,72.13500213623047,72.45050048828125,71.58100128173828,71.9625015258789,27732000,2020-06-03
3975,71.83899688720703,72.06600189208984,70.30049896240234,70.71499633789062,26982000,2020-06-04
3976,70.78199768066406,72.31500244140625,70.38099670410156,72.0009994506836,42642000,2020-06-05
3977,71.31400299072266,72.44999694824219,71.2239990234375,72.4020004272461,33878000,2020-06-08
3978,72.26200103759766,73.38999938964844,72.11799621582031,72.60399627685547,33624000,2020-06-09
3979,73.07550048828125,73.63849639892578,72.71800231933594,73.23500061035156,31762000,2020-06-10
3980,72.05149841308594,72.58000183105469,69.92050170898438,70.09500122070312,47144000,2020-06-11
3981,71.29299926757812,71.72550201416016,69.29000091552734,70.64600372314453,36676000,2020-06-12
3982,69.47450256347656,71.25,69.36000061035156,71.03700256347656,30468000,2020-06-15
3983,72.44999694824219,72.8584976196289,71.44950103759766,72.32350158691406,30648000,2020-06-16
3984,72.64700317382812,73.11000061035156,71.75650024414062,72.62699890136719,30610000,2020-06-17
3985,72.49250030517578,72.64849853515625,71.31199645996094,71.70600128173828,34862000,2020-06-18
3986,72.0,72.2249984741211,70.94999694824219,71.23200225830078,52784000,2020-06-19
3987,71.25050354003906,72.54750061035156,70.95950317382812,72.53299713134766,29442000,2020-06-22
3988,72.5999984741211,73.76000213623047,72.25,73.1989974975586,37752000,2020-06-23
3989,73.16400146484375,73.78949737548828,71.5,71.63500213623047,31592000,2020-06-24
3990,71.56099700927734,72.11599731445312,70.97699737548828,72.05500030517578,23958000,2020-06-25
3991,71.63150024414062,71.85099792480469,67.75,68.12699890136719,97640000,2020-06-26
3992,68.01699829101562,69.9000015258789,67.5824966430664,69.8584976196289,45074000,2020-06-29
3993,69.84400177001953,71.19999694824219,69.34649658203125,70.90249633789062,40286000,2020-06-30
3994,70.95850372314453,72.42400360107422,70.70899963378906,72.0999984741211,42182000,2020-07-01
3995,72.59200286865234,74.4260025024414,72.55349731445312,73.49649810791016,57218000,2020-07-02
3996,74.40750122070312,75.5,73.8489990234375,74.98249816894531,44712000,2020-07-06
3997,74.80650329589844,76.06600189208984,74.48500061035156,74.49600219726562,42364000,2020-07-07
3998,75.04000091552734,75.55850219726562,74.61499786376953,75.18000030517578,31766000,2020-07-08
3999,75.49649810791016,76.45700073242188,74.77950286865234,75.93299865722656,41836000,2020-07-09
4000,75.6624984741211,77.06700134277344,75.03600311279297,76.95050048828125,35918000,2020-07-10
4001,77.49700164794922,78.81800079345703,75.3280029296875,75.61150360107422,42954000,2020-07-13
4002,74.6395034790039,76.13999938964844,74.29650115966797,76.04299926757812,38108000,2020-07-14
4003,76.1614990234375,76.81649780273438,74.8915023803711,75.84400177001953,31026000,2020-07-15
4004,75.07499694824219,75.79550170898438,74.41349792480469,75.74600219726562,26484000,2020-07-16
4005,75.84549713134766,76.17150115966797,74.90499877929688,75.84249877929688,34264000,2020-07-17
4006,75.75,78.45050048828125,75.13500213623047,78.19200134277344,30166000,2020-07-20
4007,79.25150299072266,79.35250091552734,77.63099670410156,77.7959976196289,27486000,2020-07-21
4008,77.7854995727539,78.3489990234375,77.1614990234375,78.24250030517578,24482000,2020-07-22
4009,78.29650115966797,78.51750183105469,75.42949676513672,75.8375015258789,33910000,2020-07-23
4010,74.95950317382812,75.77149963378906,74.37950134277344,75.4104995727539,29902000,2020-07-24
4011,75.66300201416016,76.87799835205078,75.61650085449219,76.47149658203125,27124000,2020-07-27
4012,76.25,76.30049896240234,75.0260009765625,75.18250274658203,30910000,2020-07-28
4013,75.25,76.66649627685547,75.15049743652344,76.17549896240234,22676000,2020-07-29
4014,74.89849853515625,77.04450225830078,74.75849914550781,76.91850280761719,36042000,2020-07-30
4015,74.85250091552734,75.2509994506836,72.69999694824219,74.39749908447266,91468000,2020-07-31
4016,74.55000305175781,74.8864974975586,73.58599853515625,74.13800048828125,45482000,2020-08-03
4017,74.33550262451172,74.65550231933594,73.20149993896484,73.66500091552734,37212000,2020-08-04
4018,73.84100341796875,74.5,73.56099700927734,73.95449829101562,29134000,2020-08-05
4019,73.80750274658203,75.3134994506836,73.59500122070312,75.24749755859375,33306000,2020-08-06
4020,75.4520034790039,76.00450134277344,74.3134994506836,74.91850280761719,27718000,2020-08-07
4021,74.54000091552734,75.35749816894531,73.87449645996094,74.84100341796875,20546000,2020-08-10
4022,74.69999694824219,75.52200317382812,73.90950012207031,74.0270004272461,31098000,2020-08-11
4023,74.35600280761719,75.58350372314453,74.25,75.36199951171875,22512000,2020-08-12
4024,75.4104995727539,76.84850311279297,75.4104995727539,75.8324966430664,22388000,2020-08-13
4025,75.68049621582031,75.989501953125,74.94999694824219,75.23149871826172,21942000,2020-08-14
4026,75.79850006103516,76.18900299072266,75.25,75.81199645996094,19990000,2020-08-17
4027,76.30599975585938,77.86849975585938,76.08350372314453,77.78900146484375,28378000,2020-08-18
4028,77.62449645996094,78.44300079345703,77.0,77.23049926757812,30472000,2020-08-19
4029,76.99849700927734,79.00849914550781,76.7229995727539,78.8125,26382000,2020-08-20
4030,78.58999633789062,79.59400177001953,78.1155014038086,78.77850341796875,34838000,2020-08-21
4031,79.62349700927734,80.43900299072266,78.75199890136719,79.25749969482422,25638000,2020-08-24
4032,79.00499725341797,80.44400024414062,78.89399719238281,80.2925033569336,25150000,2020-08-25
4033,80.31500244140625,82.6395034790039,80.04900360107422,82.20649719238281,52188000,2020-08-26
4034,82.33049774169922,82.39949798583984,80.94049835205078,81.4260025024414,31350000,2020-08-27
4035,81.47350311279297,82.06749725341797,81.28050231933594,81.97149658203125,22418000,2020-08-28
4036,82.17849731445312,82.2249984741211,81.2665023803711,81.47650146484375,26422000,2020-08-31
4037,81.60800170898438,82.96099853515625,81.47650146484375,82.75399780273438,22652000,2020-09-01
4038,83.40049743652344,86.30500030517578,83.0094985961914,85.86949920654297,49522000,2020-09-02
4039,84.97599792480469,85.0,80.385498046875,81.47550201416016,63726000,2020-09-03
4040,80.44999694824219,81.74949645996094,76.89849853515625,79.06050109863281,55850000,2020-09-04
4041,76.25,77.77749633789062,75.82499694824219,76.18000030517578,54032000,2020-09-08
4042,77.44499969482422,77.93599700927734,76.25849914550781,77.36150360107422,39242000,2020-09-09
4043,77.50900268554688,78.68299865722656,76.0,76.30249786376953,33024000,2020-09-10
4044,76.40750122070312,76.93499755859375,74.6510009765625,75.78800201416016,30706000,2020-09-11
4045,76.5824966430664,77.8499984741211,75.25550079345703,75.44149780273438,42660000,2020-09-14
4046,76.39450073242188,77.54949951171875,76.1050033569336,76.75599670410156,23042000,2020-09-15
4047,77.1240005493164,77.71849822998047,75.57949829101562,75.60449981689453,22128000,2020-09-16
4048,74.29049682617188,74.93299865722656,73.12300109863281,74.35199737548828,40008000,2020-09-17
4049,74.41500091552734,74.76000213623047,71.58100128173828,72.55449676513672,63056000,2020-09-18
4050,71.58100128173828,72.00299835205078,70.13400268554688,71.50700378417969,56908000,2020-09-21
4051,72.51599884033203,73.19850158691406,71.4749984741211,72.99099731445312,33950000,2020-09-22
4052,72.60449981689453,72.65399932861328,70.13400268554688,70.46949768066406,37726000,2020-09-23
4053,70.13400268554688,71.89949798583984,70.10749816894531,71.14299774169922,34552000,2020-09-24
4054,71.25250244140625,72.2969970703125,70.38400268554688,71.9530029296875,30326000,2020-09-25
4055,73.59950256347656,73.64949798583984,72.31400299072266,72.93299865722656,30784000,2020-09-28
4056,73.19550323486328,73.5999984741211,72.69999694824219,73.3010025024414,31816000,2020-09-29
4057,73.0469970703125,74.30999755859375,72.78800201416016,73.27999877929688,40924000,2020-09-30
4058,74.18299865722656,74.75350189208984,73.83999633789062,74.3949966430664,32884000,2020-10-01
4059,72.98149871826172,73.95149993896484,72.36750030517578,72.77999877929688,31222000,2020-10-02
4060,73.13249969482422,74.23500061035156,73.00450134277344,74.1415023803711,21602000,2020-10-05
4061,73.7750015258789,74.22599792480469,72.25050354003906,72.5510025024414,26096000,2020-10-06
4062,72.96549987792969,73.44850158691406,71.6614990234375,72.95700073242188,36108000,2020-10-07
4063,73.27249908447266,74.40149688720703,73.27249908447266,74.17150115966797,26076000,2020-10-08
4064,74.64299774169922,75.59249877929688,74.3499984741211,75.52249908447266,32966000,2020-10-09
4065,76.9000015258789,79.4209976196289,76.46499633789062,78.22949981689453,55344000,2020-10-12
4066,78.85050201416016,79.25800323486328,77.93150329589844,78.35350036621094,39072000,2020-10-13
4067,78.7300033569336,79.19249725341797,77.29499816894531,78.1719970703125,33174000,2020-10-14
4068,77.2249984741211,78.56999969482422,77.05650329589844,77.77349853515625,31210000,2020-10-15
4069,78.09149932861328,78.885498046875,77.88300323486328,78.38500213623047,34194000,2020-10-16
4070,78.79650115966797,79.19650268554688,76.14600372314453,76.49749755859375,29734000,2020-10-19
4071,76.15550231933594,78.69200134277344,76.0250015258789,77.55400085449219,41670000,2020-10-20
4072,78.49250030517578,80.75700378417969,78.35700225830078,79.29949951171875,60322000,2020-10-21
4073,79.25,80.6709976196289,78.8740005493164,80.33300018310547,30512000,2020-10-22
4074,80.75250244140625,81.70600128173828,80.59549713134766,81.64900207519531,30548000,2020-10-23
4075,80.75,81.47899627685547,78.38899993896484,79.2145004272461,35826000,2020-10-26
4076,79.44650268554688,80.0999984741211,78.84950256347656,79.94400024414062,25902000,2020-10-27
4077,77.50050354003906,77.69049835205078,75.42400360107422,75.54000091552734,45174000,2020-10-28
4078,75.85099792480469,79.43699645996094,75.82749938964844,77.84400177001953,55406000,2020-10-29
4079,83.37200164794922,84.06600189208984,80.07849884033203,80.80549621582031,99878000,2020-10-30
4080,81.177001953125,82.91200256347656,80.71199798583984,81.21600341796875,44228000,2020-11-02
4081,81.53800201416016,82.94999694824219,80.60549926757812,82.28299713134766,31432000,2020-11-03
4082,85.27899932861328,88.50150299072266,85.1500015258789,87.2925033569336,71342000,2020-11-04
4083,88.52249908447266,89.59100341796875,87.05149841308594,88.125,39758000,2020-11-05
4084,87.56700134277344,88.42500305175781,86.83399963378906,87.98650360107422,28622000,2020-11-06
4085,89.79900360107422,90.84449768066406,87.87750244140625,88.07099914550781,53440000,2020-11-09
4086,86.4885025024414,87.96900177001953,85.80599975585938,86.88600158691406,43022000,2020-11-10
4087,87.41999816894531,88.1449966430664,87.15299987792969,87.36150360107422,31838000,2020-11-11
4088,87.0999984741211,88.2490005493164,86.89849853515625,87.14099884033203,26474000,2020-11-12
4089,87.4000015258789,88.85649871826172,86.79900360107422,88.61299896240234,29744000,2020-11-13
4090,88.20700073242188,89.71700286865234,88.06649780273438,88.70149993896484,25468000,2020-11-16
4091,88.39299774169922,88.85700225830078,87.97450256347656,88.08300018310547,21314000,2020-11-17
4092,87.83200073242188,88.25,86.92849731445312,87.03199768066406,20108000,2020-11-18
4093,86.6614990234375,88.17449951171875,86.5009994506836,87.92849731445312,20106000,2020-11-19
4094,88.0999984741211,88.41799926757812,86.75,86.81900024414062,27694000,2020-11-20
4095,87.01100158691406,87.29949951171875,85.50900268554688,86.37799835205078,22530000,2020-11-23
4096,86.375,88.3239974975586,86.0364990234375,88.19499969482422,27984000,2020-11-24
4097,88.3905029296875,88.51899719238281,87.41799926757812,88.20649719238281,19600000,2020-11-25
4098,88.22699737548828,89.85050201416016,88.22699737548828,89.35099792480469,14790000,2020-11-27
4099,88.78250122070312,89.01699829101562,87.39199829101562,87.72000122070312,32418000,2020-11-30
4100,88.33300018310547,91.08599853515625,88.15149688720703,89.76799774169922,37350000,2020-12-01
4101,89.76799774169922,91.63700103759766,89.25849914550781,91.24849700927734,29424000,2020-12-02
4102,91.0270004272461,92.19149780273438,90.8499984741211,91.09200286865234,24728000,2020-12-03
4103,91.01100158691406,91.4749984741211,90.67949676513672,91.18800354003906,20544000,2020-12-04
4104,90.77749633789062,91.4645004272461,90.1520004272461,90.85150146484375,22288000,2020-12-07
4105,90.4260025024414,90.79850006103516,89.56400299072266,90.56649780273438,19936000,2020-12-08
4106,90.51799774169922,91.41850280761719,88.0999984741211,88.89299774169922,31728000,2020-12-09
4107,88.12999725341797,88.74949645996094,86.67649841308594,88.38249969482422,28688000,2020-12-10
4108,88.0,88.8655014038086,87.63700103759766,88.73999786376953,18628000,2020-12-11
4109,88.53600311279297,89.48999786376953,87.45649719238281,87.61299896240234,33050000,2020-12-14
4110,87.99299621582031,88.19999694824219,87.08350372314453,88.05400085449219,21352000,2020-12-15
4111,88.45549774169922,88.45549774169922,87.4530029296875,87.8594970703125,24676000,2020-12-16
4112,88.19650268554688,88.33550262451172,86.55750274658203,87.02549743652344,34880000,2020-12-17
4113,87.30850219726562,87.41799926757812,85.75,86.31099700927734,85256000,2020-12-18
4114,85.45649719238281,86.8499984741211,84.69999694824219,86.72799682617188,33974000,2020-12-21
4115,86.46649932861328,86.63050079345703,85.28900146484375,86.01100158691406,20370000,2020-12-22
4116,86.19650268554688,87.20549774169922,86.05999755859375,86.4114990234375,22974000,2020-12-23
4117,86.44999694824219,87.12049865722656,86.21749877929688,86.70800018310547,9312000,2020-12-24
4118,87.24549865722656,89.3499984741211,87.09100341796875,88.697998046875,27650000,2020-12-28
4119,89.36150360107422,89.42350006103516,87.75550079345703,87.88800048828125,19726000,2020-12-29
4120,88.25,88.38800048828125,86.4000015258789,86.8125,21026000,2020-12-30
4121,86.8635025024414,87.875,86.80449676513672,87.63200378417969,21070000,2020-12-31
4122,88.0,88.12449645996094,85.35700225830078,86.30650329589844,37324000,2021-01-04
4123,86.25450134277344,87.34149932861328,85.84500122070312,87.00250244140625,20360000,2021-01-05
4124,85.01300048828125,87.19850158691406,84.80500030517578,86.14399719238281,46588000,2021-01-06
4125,86.33799743652344,88.89099884033203,86.33799743652344,88.71700286865234,41936000,2021-01-07
4126,88.85800170898438,89.96800231933594,88.06099700927734,89.8915023803711,35484000,2021-01-08
4127,88.85099792480469,89.21900177001953,87.60700225830078,87.81449890136719,34796000,2021-01-11
4128,87.26799774169922,88.3949966430664,85.81900024414062,86.87149810791016,29528000,2021-01-12
4129,86.36599731445312,87.81950378417969,86.36599731445312,87.36250305175781,23432000,2021-01-13
4130,87.44349670410156,88.37750244140625,86.30349731445312,86.5459976196289,29212000,2021-01-14
4131,86.45099639892578,87.38099670410156,85.58550262451172,86.38099670410156,31444000,2021-01-15
4132,87.1500015258789,90.19200134277344,86.6415023803711,89.22350311279297,41660000,2021-01-19
4133,91.31849670410156,94.98600006103516,90.97550201416016,94.00350189208984,64152000,2021-01-20
4134,94.68250274658203,96.60399627685547,93.97049713134766,94.2074966430664,58634000,2021-01-21
4135,94.572998046875,95.21949768066406,93.82499694824219,94.62799835205078,32744000,2021-01-22
4136,95.63700103759766,96.09100341796875,92.95800018310547,94.71399688720703,50586000,2021-01-25
4137,94.29949951171875,95.7874984741211,93.80650329589844,95.39749908447266,31462000,2021-01-26
4138,93.74549865722656,94.02349853515625,89.86399841308594,90.9469985961914,82512000,2021-01-27
4139,91.55000305175781,94.39949798583984,91.55000305175781,92.66000366210938,55278000,2021-01-28
4140,91.70099639892578,92.37699890136719,90.0780029296875,91.36799621582031,44530000,2021-01-29
4141,92.22949981689453,95.7770004272461,92.22949981689453,94.65350341796875,40252000,2021-02-01
4142,95.65650177001953,97.46849822998047,95.31849670410156,95.95600128173828,66332000,2021-02-02
4143,103.28050231933594,105.33100128173828,100.67749786376953,102.94400024414062,97882000,2021-02-03
4144,103.03099822998047,103.46499633789062,101.75499725341797,102.68150329589844,48596000,2021-02-04
4145,102.97799682617188,104.7969970703125,102.5,104.44149780273438,29866000,2021-02-05
4146,105.0,105.75,103.1675033569336,104.22599792480469,28828000,2021-02-08
4147,103.73999786376953,104.92549896240234,103.5,103.76950073242188,21892000,2021-02-09
4148,104.15699768066406,104.94400024414062,102.61199951171875,104.3239974975586,25102000,2021-02-10
4149,104.55000305175781,104.69999694824219,103.44300079345703,104.4375,20480000,2021-02-11
4150,103.9885025024414,104.9749984741211,103.67849731445312,104.75150299072266,18990000,2021-02-12
4151,104.5875015258789,107.25700378417969,104.5875015258789,105.53500366210938,31004000,2021-02-16
4152,104.6989974975586,106.12200164794922,104.4175033569336,105.93099975585938,20294000,2021-02-17
4153,105.25,106.09950256347656,104.66649627685547,105.29049682617188,22546000,2021-02-18
4154,105.3895034790039,105.92900085449219,104.17150115966797,104.44049835205078,37938000,2021-02-19
4155,102.68000030517578,104.0165023803711,102.4000015258789,102.71299743652344,29466000,2021-02-22
4156,100.69950103759766,103.625,99.5114974975586,103.00599670410156,34658000,2021-02-23
4157,101.50199890136719,104.41600036621094,101.37650299072266,104.19049835205078,22608000,2021-02-24
4158,102.79650115966797,104.1500015258789,100.32450103759766,100.79750061035156,41548000,2021-02-25
4159,101.49749755859375,102.82599639892578,100.05049896240234,101.09549713134766,40042000,2021-02-26
4160,102.4000015258789,103.8115005493164,101.72100067138672,103.48300170898438,26060000,2021-03-01
4161,103.24199676513672,104.73699951171875,102.83350372314453,103.2239990234375,25564000,2021-03-02
4162,102.59750366210938,103.79949951171875,99.69999694824219,100.57050323486328,33892000,2021-03-03
4163,100.74349975585938,103.72949981689453,100.27149963378906,101.69650268554688,49216000,2021-03-04
4164,103.05750274658203,105.30999755859375,101.38899993896484,104.85350036621094,53100000,2021-03-05
4165,104.2030029296875,105.68699645996094,100.2594985961914,100.375,36868000,2021-03-08
4166,102.48750305175781,103.19599914550781,101.77999877929688,102.01799774169922,33920000,2021-03-09
4167,103.06999969482422,103.06999969482422,100.96649932861328,101.80950164794922,27100000,2021-03-10
4168,102.91100311279297,105.5634994506836,102.82250213623047,105.0270004272461,27702000,2021-03-11
4169,103.82050323486328,103.88050079345703,101.62100219726562,102.5,33818000,2021-03-12
4170,102.2490005493164,102.74949645996094,101.3895034790039,102.72200012207031,26168000,2021-03-15
4171,103.29949951171875,105.68399810791016,102.9645004272461,104.19450378417969,31900000,2021-03-16
4172,103.42350006103516,104.94999694824219,102.20600128173828,104.11100006103516,26382000,2021-03-17
4173,102.40899658203125,103.4375,100.95899963378906,101.06700134277344,31700000,2021-03-18
4174,101.48650360107422,101.85199737548828,100.14649963378906,101.3479995727539,46072000,2021-03-19
4175,101.38150024414062,102.41699981689453,100.69999694824219,101.53450012207031,33536000,2021-03-22
4176,101.99749755859375,103.20549774169922,101.4000015258789,102.06649780273438,28510000,2021-03-23
4177,102.58799743652344,103.37999725341797,101.44999694824219,101.62650299072266,25218000,2021-03-24
4178,101.45249938964844,102.28199768066406,99.80449676513672,101.62300109863281,35616000,2021-03-25
4179,101.5895004272461,101.96949768066406,100.19249725341797,101.23650360107422,27978000,2021-03-26
4180,101.10800170898438,102.46050262451172,100.27249908447266,102.28949737548828,26492000,2021-03-29
4181,102.64900207519531,103.13349914550781,101.80750274658203,102.32350158691406,27312000,2021-03-30
4182,102.72000122070312,104.31300354003906,102.3499984741211,103.1259994506836,42570000,2021-03-31
4183,104.61250305175781,106.7874984741211,104.57150268554688,106.48899841308594,39880000,2021-04-01
4184,107.35749816894531,111.44950103759766,107.260498046875,110.947998046875,48510000,2021-04-05
4185,110.5459976196289,111.4000015258789,110.0895004272461,110.46299743652344,35240000,2021-04-06
4186,110.65499877929688,112.2249984741211,110.65499877929688,111.95149993896484,24134000,2021-04-07
4187,113.19999694824219,113.5895004272461,112.15049743652344,112.52149963378906,28664000,2021-04-08
4188,112.27200317382812,113.69850158691406,111.86299896240234,113.53350067138672,26146000,2021-04-09
4189,112.70600128173828,112.84449768066406,111.39099884033203,112.23100280761719,25024000,2021-04-12
4190,112.54949951171875,113.17350006103516,112.15249633789062,112.72149658203125,25682000,2021-04-13
4191,113.37149810791016,113.37149810791016,111.8010025024414,112.09549713134766,21002000,2021-04-14
4192,113.09750366210938,114.80000305175781,112.55850219726562,114.26249694824219,29174000,2021-04-15
4193,114.46199798583984,114.71199798583984,113.5459976196289,114.13749694824219,26282000,2021-04-16
4194,113.50900268554688,115.20449829101562,113.50900268554688,114.48799896240234,30290000,2021-04-19
4195,114.87449645996094,114.94999694824219,112.85600280761719,113.95050048828125,22288000,2021-04-20
4196,113.60250091552734,114.0,112.24099731445312,113.9175033569336,23204000,2021-04-21
4197,113.7699966430664,114.44400024414062,112.01599884033203,112.6259994506836,24146000,2021-04-22
4198,113.3499984741211,115.30599975585938,113.0625,114.99649810791016,29066000,2021-04-23
4199,115.22599792480469,116.22650146484375,114.86599731445312,115.49649810791016,32038000,2021-04-26
4200,115.88150024414062,115.92250061035156,114.30799865722656,114.54900360107422,44386000,2021-04-27
4201,119.625,121.56900024414062,117.66100311279297,117.9520034790039,81106000,2021-04-28
4202,119.46150207519531,120.20800018310547,118.69249725341797,119.63800048828125,41234000,2021-04-29
4203,118.4010009765625,119.09249877929688,117.3280029296875,117.67500305175781,44856000,2021-04-30
4204,118.24549865722656,119.07749938964844,116.7750015258789,117.15399932861328,28242000,2021-05-03
4205,115.67749786376953,116.24949645996094,112.83399963378906,115.34149932861328,44818000,2021-05-04
4206,116.43150329589844,116.75,115.41400146484375,115.7385025024414,26636000,2021-05-05
4207,115.31649780273438,116.86750030517578,114.6520004272461,116.86750030517578,25190000,2021-05-06
4208,118.19450378417969,118.5625,117.30799865722656,117.59649658203125,28898000,2021-05-07
4209,116.40699768066406,116.55000305175781,114.22699737548828,114.5875015258789,30914000,2021-05-10
4210,112.15350341796875,114.01399993896484,111.69599914550781,113.50299835205078,34186000,2021-05-11
4211,111.30950164794922,112.39900207519531,109.68099975585938,110.01249694824219,46376000,2021-05-12
4212,111.30599975585938,111.97200012207031,110.33599853515625,111.4520034790039,33204000,2021-05-13
4213,112.927001953125,114.23600006103516,112.5,113.91899871826172,31996000,2021-05-14
4214,113.17849731445312,114.48899841308594,112.77549743652344,114.44599914550781,21598000,2021-05-17
4215,115.11750030517578,115.38400268554688,113.1094970703125,113.12349700927734,22204000,2021-05-18
4216,111.42150115966797,113.74949645996094,111.27200317382812,113.57499694824219,23684000,2021-05-19
4217,114.55000305175781,115.5999984741211,114.1760025024414,115.34750366210938,32352000,2021-05-20
4218,115.87049865722656,115.94450378417969,114.46499633789062,114.70649719238281,40632000,2021-05-21
4219,115.74449920654297,118.27749633789062,115.5979995727539,118.052001953125,31832000,2021-05-24
4220,118.5999984741211,119.19999694824219,117.75,118.14350128173828,22440000,2021-05-25
4221,118.32599639892578,119.44950103759766,118.322998046875,119.0155029296875,21572000,2021-05-26
4222,119.45249938964844,119.45249938964844,117.81300354003906,118.13400268554688,35224000,2021-05-27
4223,118.72100067138672,118.80349731445312,117.64250183105469,117.84249877929688,21482000,2021-05-28
4224,118.72200012207031,119.2854995727539,117.71399688720703,119.05899810791016,23354000,2021-06-01
4225,119.4574966430664,119.68199920654297,117.61799621582031,118.52950286865234,21158000,2021-06-02
4226,117.2864990234375,117.85099792480469,116.47599792480469,117.37899780273438,18696000,2021-06-03
4227,118.4635009765625,119.95149993896484,118.12049865722656,119.67849731445312,24458000,2021-06-04
4228,119.47200012207031,120.22550201416016,119.05000305175781,120.11499786376953,24120000,2021-06-07
4229,120.60050201416016,120.97599792480469,119.73899841308594,119.9219970703125,24240000,2021-06-08
4230,120.57150268554688,120.64399719238281,119.84500122070312,120.39700317382812,17942000,2021-06-09
4231,120.34600067138672,121.80000305175781,120.18900299072266,121.75650024414062,25904000,2021-06-10
4232,122.0,122.08599853515625,120.947998046875,121.51000213623047,21958000,2021-06-11
4233,121.61299896240234,122.44599914550781,120.9000015258789,122.44550323486328,22098000,2021-06-14
4234,122.44999694824219,122.77549743652344,121.05599975585938,121.41950225830078,21562000,2021-06-15
4235,121.5719985961914,121.88600158691406,119.47000122070312,120.77249908447266,26472000,2021-06-16
4236,120.69750213623047,122.52249908447266,120.5,121.74349975585938,25842000,2021-06-17
4237,121.36699676513672,121.60299682617188,120.01499938964844,120.11100006103516,46116000,2021-06-18
4238,120.50050354003906,122.0,119.89849853515625,121.8125,27414000,2021-06-21
4239,121.75,122.4000015258789,121.06400299072266,122.33049774169922,22390000,2021-06-22
4240,122.09349822998047,123.09549713134766,121.83450317382812,122.12699890136719,19148000,2021-06-23
4241,122.69999694824219,123.05549621582031,122.30000305175781,122.5,21362000,2021-06-24
4242,122.0,122.63300323486328,121.56500244140625,122.50849914550781,34594000,2021-06-25
4243,122.67849731445312,122.78500366210938,121.40550231933594,122.53600311279297,28526000,2021-06-28
4244,122.67050170898438,123.02100372314453,121.69100189208984,122.27249908447266,23108000,2021-06-29
4245,121.99449920654297,122.25700378417969,121.35449981689453,122.0895004272461,24474000,2021-06-30
4246,121.7249984741211,122.58699798583984,121.53150177001953,122.44450378417969,18110000,2021-07-01
4247,123.1500015258789,125.40399932861328,123.05950164794922,125.25749969482422,25982000,2021-07-02
4248,125.64849853515625,126.4280014038086,124.5824966430664,126.19000244140625,26404000,2021-07-06
4249,127.16200256347656,127.28399658203125,126.15299987792969,126.4739990234375,24060000,2021-07-07
4250,124.0260009765625,125.59549713134766,124.02200317382812,125.04399871826172,23790000,2021-07-08
4251,125.0250015258789,125.7344970703125,124.55149841308594,125.51850128173828,18632000,2021-07-09
4252,126.1780014038086,127.06950378417969,125.61100006103516,126.97550201416016,17668000,2021-07-12
4253,127.03849792480469,128.0574951171875,126.67449951171875,127.34149932861328,19240000,2021-07-13
4254,127.95800018310547,129.32650756835938,127.91449737548828,128.23699951171875,23742000,2021-07-14
4255,128.6490020751953,128.6999969482422,126.52999877929688,127.00499725341797,24218000,2021-07-15
4256,127.66300201416016,127.8115005493164,126.15350341796875,126.97000122070312,20424000,2021-07-16
4257,126.0895004272461,126.20500183105469,123.50499725341797,124.5780029296875,27968000,2021-07-19
4258,125.52749633789062,127.04299926757812,124.35050201416016,126.20950317382812,26312000,2021-07-20
4259,126.13349914550781,127.59600067138672,126.02349853515625,127.54900360107422,20746000,2021-07-21
4260,127.84400177001953,128.48300170898438,127.4990005493164,128.42149353027344,14302000,2021-07-22
4261,130.4304962158203,133.3990020751953,129.80050659179688,133.01499938964844,41506000,2021-07-23
4262,133.32850646972656,134.23699951171875,132.30149841308594,134.03500366210938,30572000,2021-07-26
4263,134.25050354003906,134.3990020751953,130.10400390625,131.89999389648438,54710000,2021-07-27
4264,136.31199645996094,138.2969970703125,135.27749633789062,136.093994140625,95130000,2021-07-28
4265,136.14999389648438,136.66099548339844,135.54299926757812,135.77749633789062,31716000,2021-07-29
4266,135.03500366210938,135.30450439453125,134.2550048828125,134.72650146484375,25576000,2021-07-30
4267,135.11700439453125,135.3365020751953,133.79400634765625,134.85450744628906,21634000,2021-08-02
4268,135.13499450683594,135.73199462890625,133.3195037841797,135.6300048828125,20762000,2021-08-03
4269,135.34950256347656,135.64950561523438,134.48699951171875,135.12550354003906,19676000,2021-08-04
4270,135.6804962158203,136.35000610351562,134.8459930419922,136.25149536132812,17870000,2021-08-05
4271,136.04200744628906,136.47250366210938,135.2100067138672,135.73849487304688,20488000,2021-08-06
4272,135.9425048828125,137.1840057373047,135.33949279785156,136.91299438476562,17760000,2021-08-09
4273,137.3419952392578,137.7725067138672,136.364501953125,136.8070068359375,19414000,2021-08-10
4274,137.18150329589844,137.6824951171875,136.27149963378906,136.2790069580078,15352000,2021-08-11
4275,135.97549438476562,137.3000030517578,135.42550659179688,137.19400024414062,16506000,2021-08-12
4276,137.25,137.85650634765625,137.0330047607422,137.7274932861328,15948000,2021-08-13
4277,137.52499389648438,138.3625030517578,135.2989959716797,138.3094940185547,22384000,2021-08-16
4278,137.75,138.2655029296875,136.08200073242188,136.6614990234375,21716000,2021-08-17
4279,136.5,137.10450744628906,135.32150268554688,135.44900512695312,19258000,2021-08-18
4280,134.4355010986328,136.3524932861328,134.25,135.67999267578125,21782000,2021-08-19
4281,136.0,137.5540008544922,135.25,137.42950439453125,31194000,2021-08-20
4282,137.96949768066406,140.87449645996094,137.6074981689453,140.04150390625,28454000,2021-08-23
4283,140.6114959716797,142.0800018310547,140.3385009765625,141.26150512695312,19268000,2021-08-24
4284,141.625,142.1894989013672,141.37600708007812,142.07899475097656,15848000,2021-08-25
4285,141.75,142.41749572753906,141.35699462890625,141.4405059814453,20610000,2021-08-26
4286,141.65249633789062,144.5124969482422,141.4969940185547,144.00399780273438,28780000,2021-08-27
4287,144.39999389648438,145.9705047607422,144.16299438476562,144.5904998779297,24434000,2021-08-30
4288,145.14700317382812,145.17149353027344,144.281005859375,144.69749450683594,22448000,2021-08-31
4289,145.0,146.25399780273438,144.8834991455078,145.2154998779297,21936000,2021-09-01
4290,145.21600341796875,145.51950073242188,143.18499755859375,143.28700256347656,32342000,2021-09-02
4291,143.08050537109375,144.15499877929688,142.40049743652344,143.739501953125,19850000,2021-09-03
4292,143.83450317382812,144.56500244140625,143.61900329589844,144.28050231933594,20124000,2021-09-07
4293,144.10000610351562,144.39999389648438,143.0,143.6909942626953,18344000,2021-09-08
4294,143.8404998779297,144.3105010986328,143.17750549316406,143.54100036621094,15314000,2021-09-09
4295,144.21249389648438,144.718505859375,140.73800659179688,140.87600708007812,36840000,2021-09-10
4296,141.94949340820312,142.9499969482422,141.25,142.33250427246094,22094000,2021-09-13
4297,142.99549865722656,143.36300659179688,141.75,142.54449462890625,19674000,2021-09-14
4298,142.77149963378906,144.45050048828125,141.34750366210938,144.42950439453125,27408000,2021-09-15
4299,143.95050048828125,144.3000030517578,142.40150451660156,143.61000061035156,26190000,2021-09-16
4300,143.03050231933594,143.4499969482422,140.47000122070312,140.8000030517578,53384000,2021-09-17
4301,138.1614990234375,139.0,136.32200622558594,138.71949768066406,46518000,2021-09-20
4302,139.74949645996094,140.01150512695312,138.2779998779297,139.0330047607422,25332000,2021-09-21
4303,139.3040008544922,140.88699340820312,138.55149841308594,140.2834930419922,25056000,2021-09-22
4304,140.9875030517578,141.69650268554688,140.40150451660156,141.21600341796875,20952000,2021-09-23
4305,140.5384979248047,142.33050537109375,140.24099731445312,142.21499633789062,22984000,2021-09-24
4306,140.80450439453125,141.93850708007812,140.0675048828125,141.07200622558594,21882000,2021-09-27
4307,138.65499877929688,139.09649658203125,135.36000061035156,135.8300018310547,45772000,2021-09-28
4308,136.97999572753906,137.1510009765625,133.86500549316406,134.35350036621094,30848000,2021-09-29
4309,134.26150512695312,135.54249572753906,133.55599975585938,133.67599487304688,37996000,2021-09-30
4310,134.44749450683594,136.91050720214844,134.072998046875,136.54299926757812,35360000,2021-10-01
4311,135.9604949951172,135.9604949951172,131.0500030517578,133.6595001220703,51202000,2021-10-04
4312,134.04100036621094,137.22450256347656,134.04100036621094,136.0229949951172,32404000,2021-10-05
4313,134.75,137.75,134.5500030517578,137.56500244140625,24364000,2021-10-06
4314,138.89199829101562,140.04200744628906,138.6510009765625,139.22500610351562,25110000,2021-10-07
4315,139.57699584960938,140.33099365234375,139.21749877929688,139.78550720214844,26526000,2021-10-08
4316,139.29200744628906,140.71200561523438,138.85899353027344,138.91400146484375,17954000,2021-10-11
4317,139.47999572753906,139.5070037841797,135.75999450683594,136.44900512695312,36332000,2021-10-12
4318,137.40249633789062,138.0,136.5189971923828,137.58200073242188,19654000,2021-10-13
4319,139.4739990234375,141.33749389648438,138.8249969482422,141.1510009765625,31894000,2021-10-14
4320,141.614501953125,141.71800231933594,140.7550048828125,141.3679962158203,30274000,2021-10-15
4321,141.07650756835938,142.79600524902344,141.0695037841797,142.7779998779297,20396000,2021-10-18
4322,143.3874969482422,143.66250610351562,142.60000610351562,143.23699951171875,20164000,2021-10-19
4323,143.33799743652344,143.54600524902344,141.37649536132812,141.7689971923828,23288000,2021-10-20
4324,141.7689971923828,142.156005859375,140.5,141.88600158691406,26292000,2021-10-21
4325,139.14999389648438,140.58299255371094,136.05599975585938,137.56649780273438,50588000,2021-10-22
4326,137.5500030517578,138.0,135.4239959716797,137.44700622558594,34412000,2021-10-25
4327,139.2635040283203,140.08299255371094,138.30450439453125,139.30850219726562,49236000,2021-10-26
4328,139.40499877929688,148.64999389648438,139.40499877929688,146.21749877929688,85782000,2021-10-27
4329,147.13450622558594,147.1580047607422,144.6269989013672,145.8489990234375,36206000,2021-10-28
4330,145.0780029296875,148.24200439453125,144.64950561523438,148.04600524902344,43320000,2021-10-29
4331,148.04600524902344,148.04600524902344,143.22549438476562,143.4969940185547,46924000,2021-11-01
4332,144.57949829101562,146.60899353027344,144.3354949951172,145.4324951171875,33482000,2021-11-02
4333,145.90049743652344,146.66900634765625,144.59100341796875,146.59800720214844,27494000,2021-11-03
4334,147.12449645996094,149.73350524902344,146.30799865722656,148.2675018310547,38412000,2021-11-04
4335,149.16949462890625,150.32749938964844,148.19700622558594,148.8520050048828,38354000,2021-11-05
4336,149.8249969482422,150.61500549316406,148.4304962158203,149.031005859375,23052000,2021-11-08
4337,149.23300170898438,149.83450317382812,147.2449951171875,148.9185028076172,19530000,2021-11-09
4338,147.5,148.07000732421875,144.53750610351562,145.89349365234375,29970000,2021-11-10
4339,146.489501953125,147.53550720214844,145.60049438476562,145.76649475097656,16518000,2021-11-11
4340,146.61549377441406,148.85000610351562,145.41099548339844,148.67799377441406,22360000,2021-11-12
4341,148.90049743652344,149.54949951171875,147.5749969482422,148.45199584960938,23508000,2021-11-15
4342,148.14950561523438,148.7624969482422,147.3125,147.87600708007812,18904000,2021-11-16
4343,148.02749633789062,148.5594940185547,147.24000549316406,148.0469970703125,19594000,2021-11-17
4344,148.2415008544922,150.58050537109375,147.88450622558594,149.8385009765625,35608000,2021-11-18
4345,149.97549438476562,150.9665069580078,148.8990020751953,148.92649841308594,33682000,2021-11-19
4346,149.33250427246094,149.82949829101562,146.1475067138672,146.302001953125,30594000,2021-11-22
4347,146.1529998779297,146.66000366210938,144.11500549316406,145.78199768066406,27218000,2021-11-23
4348,145.47349548339844,146.24949645996094,144.3730010986328,146.1199951171875,18040000,2021-11-24
4349,144.34849548339844,144.5574951171875,141.84249877929688,142.18299865722656,30470000,2021-11-26
4350,144.0,146.29750061035156,143.89349365234375,145.53050231933594,32596000,2021-11-29
4351,145.0084991455078,146.0,141.60150146484375,141.8975067138672,42068000,2021-11-30
4352,144.0,145.95050048828125,140.91200256347656,141.05149841308594,34020000,2021-12-01
4353,141.25,143.864501953125,140.21449279785156,142.96600341796875,29194000,2021-12-02
4354,143.68099975585938,144.39999389648438,140.30099487304688,142.00149536132812,41230000,2021-12-03
4355,143.04049682617188,143.8524932861328,140.14999389648438,143.15499877929688,30618000,2021-12-06
4356,145.59649658203125,147.531005859375,145.2274932861328,147.26950073242188,32240000,2021-12-07
4357,147.59649658203125,148.39300537109375,146.406005859375,148.18649291992188,24270000,2021-12-08
4358,147.59100341796875,149.10000610351562,147.11500549316406,147.6385040283203,23270000,2021-12-09
4359,148.6999969482422,148.9774932861328,146.70399475097656,148.00149536132812,24458000,2021-12-10
4360,147.781494140625,147.97000122070312,145.5175018310547,145.82650756835938,27070000,2021-12-13
4361,143.96800231933594,144.47999572753906,141.21499633789062,143.90699768066406,38446000,2021-12-14
4362,143.40899658203125,146.7209930419922,141.67799377441406,146.4409942626953,36370000,2021-12-15
4363,147.17050170898438,147.677001953125,143.60699462890625,144.44500732421875,33650000,2021-12-16
4364,142.5,143.83450317382812,141.3000030517578,141.72500610351562,50416000,2021-12-17
4365,140.0,141.77450561523438,139.3209991455078,141.60699462890625,27192000,2021-12-20
4366,142.05349731445312,143.86900329589844,140.50250244140625,143.47250366210938,28756000,2021-12-21
4367,143.0675048828125,146.5,143.0675048828125,146.4149932861328,26322000,2021-12-22
4368,146.5,148.24349975585938,146.45199584960938,146.91650390625,26384000,2021-12-23
4369,147.25599670410156,148.343994140625,147.16949462890625,147.906494140625,15976000,2021-12-27
4370,148.23599243164062,148.2989959716797,146.05450439453125,146.68699645996094,18200000,2021-12-28
4371,146.64450073242188,147.41700744628906,145.6475067138672,146.65499877929688,17788000,2021-12-29
4372,146.69400024414062,147.3000030517578,145.9945068359375,146.20050048828125,15688000,2021-12-30
4373,146.0500030517578,146.69850158691406,144.8520050048828,144.8520050048828,18136000,2021-12-31
4374,145.05499267578125,145.8509979248047,143.71299743652344,144.9915008544922,28646000,2022-01-03
4375,145.39599609375,146.48500061035156,143.7165069580078,144.39950561523438,28400000,2022-01-04
4376,144.4199981689453,144.49949645996094,137.68800354003906,137.77499389648438,54618000,2022-01-05
4377,136.99850463867188,139.94000244140625,136.55850219726562,137.74749755859375,37348000,2022-01-06
4378,138.14549255371094,138.44850158691406,135.76649475097656,137.01699829101562,29760000,2022-01-07
4379,135.0780029296875,138.8195037841797,133.1645050048828,138.66949462890625,44408000,2022-01-10
4380,138.0070037841797,140.21600341796875,136.6925048828125,139.73599243164062,28730000,2022-01-11
4381,141.14999389648438,142.60800170898438,140.6945037841797,141.4304962158203,26108000,2022-01-12
4382,141.5399932861328,142.85000610351562,138.40899658203125,138.58700561523438,31436000,2022-01-13
4383,137.07899475097656,140.74200439453125,136.99850463867188,139.48049926757812,29662000,2022-01-14
4384,136.1750030517578,137.13150024414062,135.43850708007812,135.9980010986328,34872000,2022-01-18
4385,136.52349853515625,137.95950317382812,135.0155029296875,135.1165008544922,28648000,2022-01-19
4386,136.25,137.62600708007812,132.96449279785156,133.3074951171875,29908000,2022-01-20
4387,132.593505859375,134.86549377441406,130.0865020751953,130.35150146484375,55652000,2022-01-21
4388,125.97799682617188,131.2030029296875,124.5,130.8040008544922,76622000,2022-01-24
4389,128.74000549316406,129.3990020751953,126.50050354003906,126.93499755859375,46960000,2022-01-25
4390,131.11900329589844,133.0,127.14199829101562,129.23300170898438,49130000,2022-01-26
4391,131.3040008544922,132.65249633789062,128.9324951171875,129.0050048828125,31950000,2022-01-27
4392,129.65899658203125,133.35650634765625,128.48500061035156,133.3509979248047,34362000,2022-01-28
4393,134.16200256347656,135.47300720214844,132.20950317382812,135.30349731445312,39986000,2022-01-31
4394,137.59449768066406,137.79299926757812,134.36849975585938,137.6439971923828,68644000,2022-02-01
4395,151.25,151.54649353027344,145.5225067138672,148.0,123200000,2022-02-02
4396,145.70550537109375,149.6750030517578,142.66549682617188,143.08999633789062,71518000,2022-02-03
4397,143.4445037841797,144.875,140.51499938964844,143.29299926757812,57998000,2022-02-04
4398,144.25,144.25,138.89999389648438,139.2010040283203,54974000,2022-02-07
4399,139.02650451660156,140.0,137.01400756835938,139.3990020751953,54284000,2022-02-08
4400,140.9635009765625,142.52450561523438,140.18699645996094,141.5919952392578,40144000,2022-02-09
4401,139.70350646972656,141.4844970703125,137.95700073242188,138.6199951171875,39330000,2022-02-10
4402,138.60000610351562,139.156494140625,133.39999389648438,134.28250122070312,39958000,2022-02-11
4403,133.25650024414062,136.3000030517578,133.25650024414062,135.5260009765625,34302000,2022-02-14
4404,137.57049560546875,138.10850524902344,135.82150268554688,136.60850524902344,26680000,2022-02-15
4405,136.64649963378906,138.08599853515625,134.9239959716797,137.73800659179688,25022000,2022-02-16
4406,136.2429962158203,137.11349487304688,132.47850036621094,132.53900146484375,38950000,2022-02-17
4407,133.4669952392578,134.07000732421875,130.19650268554688,130.4029998779297,45620000,2022-02-18
4408,129.83799743652344,132.1804962158203,128.22349548339844,129.81350708007812,44990000,2022-02-22
4409,131.64849853515625,132.05099487304688,127.52749633789062,127.58799743652344,32786000,2022-02-23
4410,124.95349884033203,133.0,124.95349884033203,132.6909942626953,54456000,2022-02-24
4411,133.552001953125,135.27149963378906,131.75149536132812,134.45950317382812,36406000,2022-02-25
4412,133.0500030517578,135.75149536132812,132.59249877929688,135.0570068359375,38864000,2022-02-28
4413,134.8784942626953,136.2554931640625,133.218505859375,134.06149291992188,26496000,2022-03-01
4414,134.6280059814453,135.2624969482422,133.07150268554688,134.57150268554688,23520000,2022-03-02
4415,136.00999450683594,136.4394989013672,133.02549743652344,133.89950561523438,24604000,2022-03-03
4416,132.92750549316406,133.85150146484375,130.33749389648438,131.906494140625,30430000,2022-03-04
4417,131.48800659179688,131.73500061035156,126.29499816894531,126.37850189208984,45112000,2022-03-07
4418,126.25,131.25,125.67449951171875,127.10449981689453,40428000,2022-03-08
4419,131.25,133.73550415039062,129.90049743652344,133.4199981689453,37026000,2022-03-09
4420,131.26600646972656,133.27200317382812,130.91250610351562,132.42950439453125,27102000,2022-03-10
4421,133.48849487304688,133.79550170898438,129.63150024414062,129.87049865722656,31526000,2022-03-11
4422,130.25,130.40899658203125,125.2750015258789,125.95099639892578,38812000,2022-03-14
4423,126.97599792480469,129.85450744628906,125.72049713134766,129.197998046875,30920000,2022-03-15
4424,130.73300170898438,133.33299255371094,128.7344970703125,133.28050231933594,35576000,2022-03-16
4425,133.1490020751953,134.08050537109375,132.18499755859375,133.83900451660156,28264000,2022-03-17
4426,133.42449951171875,136.24400329589844,132.2584991455078,136.12550354003906,44566000,2022-03-18
4427,136.1634979248047,137.0500030517578,134.09249877929688,136.10150146484375,26832000,2022-03-21
4428,136.10150146484375,141.0500030517578,136.10150146484375,139.8679962158203,35496000,2022-03-22
4429,138.70249938964844,139.5885009765625,137.8350067138672,138.27549743652344,25154000,2022-03-23
4430,139.1999969482422,141.61900329589844,137.75050354003906,141.57200622558594,26396000,2022-03-24
4431,141.91600036621094,142.03500366210938,139.7375030517578,141.67300415039062,24126000,2022-03-25
4432,140.90049743652344,142.00250244140625,139.81149291992188,141.45550537109375,35050000,2022-03-28
4433,142.6475067138672,143.7935028076172,142.0384979248047,142.5054931640625,34318000,2022-03-29
4434,142.4600067138672,142.7205047607422,141.60000610351562,141.93850708007812,19884000,2022-03-30
4435,142.05299377441406,142.10800170898438,139.02450561523438,139.0675048828125,37524000,2022-03-31
4436,139.5,140.4709930419922,138.3074951171875,140.15049743652344,25942000,2022-04-01
4437,140.35850524902344,143.71200561523438,140.3105010986328,142.97149658203125,25942000,2022-04-04
4438,142.86900329589844,142.99049377441406,140.38250732421875,140.59100341796875,21418000,2022-04-05
4439,138.75,139.36050415039062,135.51699829101562,136.54800415039062,32468000,2022-04-06
4440,136.00999450683594,137.1645050048828,134.2274932861328,135.8885040283203,26234000,2022-04-07
4441,135.58349609375,135.6699981689453,132.9654998779297,133.28750610351562,25142000,2022-04-08
4442,131.82350158691406,132.09249877929688,128.6685028076172,128.82350158691406,36884000,2022-04-11
4443,131.60000610351562,131.60000610351562,126.78900146484375,127.7145004272461,32710000,2022-04-12
4444,128.0,130.33399963378906,127.74099731445312,129.8939971923828,27928000,2022-04-13
4445,130.47950744628906,130.47950744628906,126.60099792480469,126.7300033569336,31598000,2022-04-14
4446,127.0,128.21249389648438,126.18199920654297,127.67649841308594,20808000,2022-04-18
4447,127.69149780273438,130.33299255371094,126.99949645996094,130.00900268554688,26490000,2022-04-19
4448,130.89199829101562,131.3990020751953,127.5,128.0399932861328,31696000,2022-04-20
4449,129.25,130.09849548339844,124.52649688720703,124.81449890136719,36446000,2022-04-21
4450,125.0,125.4020004272461,118.92500305175781,119.635498046875,56884000,2022-04-22
4451,119.10099792480469,123.27749633789062,118.51100158691406,123.0739974975586,46128000,2022-04-25
4452,122.29450225830078,122.51000213623047,118.51100158691406,118.6500015258789,73054000,2022-04-26
4453,114.46949768066406,117.24199676513672,112.73650360107422,114.29450225830078,91820000,2022-04-27
4454,116.41500091552734,119.64949798583984,114.11499786376953,118.52249908447266,48884000,2022-04-28
4455,116.7344970703125,117.91999816894531,113.81449890136719,114.1094970703125,42676000,2022-04-29
4456,113.40499877929688,116.74549865722656,112.5999984741211,116.58300018310547,35534000,2022-05-02
4457,116.43049621582031,118.44200134277344,116.03450012207031,117.33399963378906,24968000,2022-05-03
4458,117.03150177001953,122.85449981689453,115.11599731445312,122.26100158691406,49916000,2022-05-04
4459,120.2040023803711,121.03900146484375,115.00550079345703,116.50550079345703,45840000,2022-05-05
4460,115.18450164794922,117.57150268554688,114.0155029296875,115.74649810791016,39710000,2022-05-06
4461,113.25,115.0770034790039,112.00050354003906,112.51100158691406,40802000,2022-05-09
4462,115.50749969482422,116.25,112.90049743652344,114.3949966430664,39900000,2022-05-10
4463,113.23650360107422,116.364501953125,113.23650360107422,113.60250091552734,37534000,2022-05-11
4464,111.37750244140625,114.29499816894531,109.82450103759766,112.84400177001953,53836000,2022-05-12
4465,114.53299713134766,117.875,113.6050033569336,116.05049896240234,35038000,2022-05-13
4466,114.95549774169922,116.16999816894531,113.8895034790039,114.44499969482422,25990000,2022-05-16
4467,116.84049987792969,116.9000015258789,114.87000274658203,116.4729995727539,23054000,2022-05-17
4468,115.0,115.4000015258789,111.55549621582031,111.89949798583984,35126000,2022-05-18
4469,111.43150329589844,113.01000213623047,110.0,110.38400268554688,34144000,2022-05-19
4470,111.95099639892578,112.18350219726562,105.79650115966797,108.90799713134766,48962000,2022-05-20
4471,109.5875015258789,112.14749908447266,108.74099731445312,111.48799896240234,37184000,2022-05-23
4472,105.77200317382812,106.45850372314453,101.8844985961914,105.97000122070312,76780000,2022-05-24
4473,104.9854965209961,106.5,103.85649871826172,105.80500030517578,40258000,2022-05-25
4474,105.677001953125,108.64949798583984,105.2249984741211,107.7925033569336,37948000,2022-05-26
4475,109.48300170898438,112.31800079345703,109.13849639892578,112.31649780273438,37914000,2022-05-27
4476,112.74649810791016,115.73500061035156,112.07849884033203,113.76200103759766,50012000,2022-05-31
4477,114.8550033569336,117.10150146484375,113.25,113.89199829101562,36606000,2022-06-01
4478,114.0,117.89949798583984,112.94650268554688,117.62249755859375,37992000,2022-06-02
4479,116.0625,116.32150268554688,113.51850128173828,114.54100036621094,26136000,2022-06-03
4480,116.70449829101562,119.34700012207031,116.16400146484375,116.82050323486328,33542000,2022-06-06
4481,115.48049926757812,117.69100189208984,115.052001953125,117.14949798583984,31590000,2022-06-07
4482,116.7614974975586,118.57050323486328,116.5999984741211,117.19400024414062,26108000,2022-06-08
4483,116.32749938964844,118.29900360107422,114.7760009765625,114.83550262451172,25798000,2022-06-09
4484,112.44499969482422,113.27899932861328,110.36599731445312,111.1614990234375,41452000,2022-06-10
4485,106.7864990234375,108.79149627685547,106.11900329589844,106.39250183105469,47252000,2022-06-13
4486,106.53500366210938,107.92449951171875,105.80000305175781,106.71549987792969,33706000,2022-06-14
4487,108.54499816894531,111.42350006103516,107.66950225830078,109.7645034790039,39698000,2022-06-15
4488,107.22100067138672,108.64849853515625,105.13800048828125,106.03350067138672,51684000,2022-06-16
4489,106.03350067138672,108.69950103759766,105.0459976196289,107.14350128173828,51376000,2022-06-17
4490,108.92949676513672,112.489501953125,108.5999984741211,111.54399871826172,47416000,2022-06-21
4491,110.55650329589844,113.34649658203125,110.38249969482422,111.48750305175781,30774000,2022-06-22
4492,112.23149871826172,112.74250030517578,110.50050354003906,112.24199676513672,28362000,2022-06-23
4493,112.99500274658203,118.0790023803711,112.95249938964844,117.9749984741211,41164000,2022-06-24
4494,118.27300262451172,118.57949829101562,115.17949676513672,115.83350372314453,36420000,2022-06-27
4495,115.80249786376953,117.30950164794922,111.8479995727539,112.00749969482422,35792000,2022-06-28
4496,111.552001953125,113.1604995727539,110.87249755859375,111.70149993896484,24716000,2022-06-29
4497,110.0,110.88800048828125,106.75,108.96299743652344,43170000,2022-06-30
4498,107.93299865722656,109.25,106.73049926757812,108.73750305175781,35476000,2022-07-01
4499,107.10050201416016,113.37699890136719,105.73149871826172,113.26300048828125,39342000,2022-07-05
4500,113.302001953125,115.5895004272461,111.47599792480469,114.5719985961914,37432000,2022-07-06
4501,115.08000183105469,119.18949890136719,114.83350372314453,118.78299713134766,40936000,2022-07-07
4502,117.25,119.68499755859375,116.90149688720703,119.35350036621094,38238000,2022-07-08
4503,117.99800109863281,117.99800109863281,115.33049774169922,115.67649841308594,31196000,2022-07-11
4504,116.21499633789062,116.9739990234375,113.69000244140625,114.02050018310547,29960000,2022-07-12
4505,111.70099639892578,114.19599914550781,111.20149993896484,111.35350036621094,43722000,2022-07-13
4506,110.21050262451172,111.09300231933594,108.37300109863281,110.36750030517578,37004000,2022-07-14
4507,112.00050354003906,113.1405029296875,110.9000015258789,111.77749633789062,46770000,2022-07-15
4508,112.63999938964844,113.68000030517578,108.37000274658203,109.02999877929688,43164600,2022-07-18
4509,110.8499984741211,114.0199966430664,109.55999755859375,113.80999755859375,36530900,2022-07-19
4510,113.16999816894531,115.4000015258789,112.4800033569336,113.9000015258789,35600400,2022-07-20
4511,114.27999877929688,114.55000305175781,111.11000061035156,114.33999633789062,32676200,2022-07-21
4512,111.0,112.33999633789062,106.5,107.9000015258789,48901200,2022-07-22
4513,108.41000366210938,109.87000274658203,106.30000305175781,107.51000213623047,34690900,2022-07-25
4514,106.5999984741211,107.19999694824219,104.06999969482422,105.0199966430664,47991000,2022-07-26
4515,109.26000213623047,113.91000366210938,108.01000213623047,113.05999755859375,59858500,2022-07-27
4516,112.37000274658203,114.33999633789062,111.45999908447266,114.22000122070312,32816600,2022-07-28
4517,113.08000183105469,116.70999908447266,113.05999755859375,116.31999969482422,37223400,2022-07-29
4518,115.30000305175781,116.72000122070312,114.33999633789062,114.86000061035156,26034300,2022-08-01
4519,114.0,116.3499984741211,113.72000122070312,115.12999725341797,20236000,2022-08-02
4520,115.70999908447266,118.62000274658203,115.4800033569336,118.08000183105469,28499000,2022-08-03
4521,117.4800033569336,118.77999877929688,116.88999938964844,118.19000244140625,21602900,2022-08-04
4522,116.2300033569336,118.11000061035156,116.0,117.47000122070312,19159500,2022-08-05
4523,118.38999938964844,120.1500015258789,116.87999725341797,117.30000305175781,19138300,2022-08-08
4524,117.13999938964844,117.31999969482422,115.70999908447266,116.62999725341797,19086500,2022-08-09
4525,118.77999877929688,120.91999816894531,118.41000366210938,119.69999694824219,30930400,2022-08-10
4526,121.27999877929688,121.48999786376953,118.55999755859375,118.83999633789062,24293700,2022-08-11
4527,120.26000213623047,121.68000030517578,119.45999908447266,121.68000030517578,19096300,2022-08-12
4528,121.12999725341797,122.30000305175781,120.61000061035156,122.08000183105469,19494800,2022-08-15
4529,121.5199966430664,122.43000030517578,120.63999938964844,121.69999694824219,19041200,2022-08-16
4530,120.12000274658203,121.29000091552734,119.37999725341797,119.55000305175781,22847000,2022-08-17
4531,119.43000030517578,120.81999969482422,118.72000122070312,120.16999816894531,17987700,2022-08-18
4532,119.05999755859375,119.1500015258789,116.76000213623047,117.20999908447266,21809500,2022-08-19
4533,115.19999694824219,115.62999725341797,113.8499984741211,114.23999786376953,21456600,2022-08-22
4534,113.4800033569336,115.01000213623047,113.43000030517578,113.86000061035156,15870400,2022-08-23
4535,113.5,114.77999877929688,112.87000274658203,113.69000244140625,17734600,2022-08-24
4536,114.23999786376953,116.72000122070312,114.11000061035156,116.6500015258789,16956800,2022-08-25
4537,114.72000122070312,115.12000274658203,110.19000244140625,110.33999633789062,37245700,2022-08-26
4538,109.98999786376953,110.94999694824219,108.80000305175781,109.41999816894531,21191200,2022-08-29
4539,110.16999816894531,110.5,107.80000305175781,108.94000244140625,27513300,2022-08-30
4540,110.6500015258789,110.8499984741211,108.12999725341797,108.22000122070312,28627000,2022-08-31
4541,108.27999877929688,110.44999694824219,107.36000061035156,109.73999786376953,28360900,2022-09-01
4542,110.58999633789062,110.73999786376953,107.26000213623047,107.8499984741211,24160700,2022-09-02
4543,107.30000305175781,108.02999877929688,105.77999877929688,106.80999755859375,25068300,2022-09-06
4544,107.05999755859375,109.9800033569336,106.9000015258789,109.44999694824219,23167000,2022-09-07
4545,108.04000091552734,109.5999984741211,107.16000366210938,108.37999725341797,24238300,2022-09-08
4546,109.06999969482422,110.98999786376953,109.0199966430664,110.6500015258789,23197700,2022-09-09
4547,110.98999786376953,111.62000274658203,109.93000030517578,110.86000061035156,22966800,2022-09-12
4548,107.80000305175781,108.30000305175781,104.08999633789062,104.31999969482422,38172900,2022-09-13
4549,104.56999969482422,105.27999877929688,103.66000366210938,105.0,26395100,2022-09-14
4550,104.02999877929688,105.2699966430664,102.3499984741211,102.91000366210938,34188300,2022-09-15
4551,102.06999969482422,103.12999725341797,100.94000244140625,102.80000305175781,42797200,2022-09-16
4552,101.75,103.33000183105469,101.55000305175781,103.06999969482422,23036800,2022-09-19
4553,102.08000183105469,102.37000274658203,100.5199966430664,101.13999938964844,26517100,2022-09-20
4554,101.66999816894531,102.87999725341797,99.2699966430664,99.27999877929688,31487300,2022-09-21
4555,98.81999969482422,101.23999786376953,98.79000091552734,100.13999938964844,34298600,2022-09-22
4556,99.62999725341797,99.66000366210938,97.47000122070312,98.73999786376953,31625400,2022-09-23
4557,98.0999984741211,99.87999725341797,97.80000305175781,98.16999816894531,27072700,2022-09-26
4558,99.43000030517578,100.0,96.87000274658203,97.5,30072800,2022-09-27
4559,97.6500015258789,100.69999694824219,97.11000061035156,100.05000305175781,32466300,2022-09-28
4560,98.63999938964844,98.63999938964844,95.95999908447266,97.41999816894531,31047200,2022-09-29
4561,97.05000305175781,98.9000015258789,95.55999755859375,95.6500015258789,32941500,2022-09-30
4562,96.76000213623047,99.29000091552734,96.5199966430664,98.63999938964844,27982000,2022-10-03
4563,100.44000244140625,101.83999633789062,100.37999725341797,101.63999938964844,28850800,2022-10-04
4564,99.83000183105469,101.93000030517578,98.80000305175781,101.43000030517578,22176900,2022-10-05
4565,100.68000030517578,102.93000030517578,100.58999633789062,101.41999816894531,22324000,2022-10-06
4566,99.8499984741211,100.52999877929688,98.30000305175781,98.68000030517578,27502800,2022-10-07
4567,99.0,99.0999984741211,97.01000213623047,97.86000061035156,18225100,2022-10-10
4568,97.43000030517578,99.25,96.30999755859375,97.18000030517578,26507100,2022-10-11
4569,97.30000305175781,98.75,96.73999786376953,97.55999755859375,21876400,2022-10-12
4570,95.1500015258789,99.77999877929688,94.37999725341797,99.05999755859375,34574500,2022-10-13
4571,99.98999786376953,100.69000244140625,96.37000274658203,96.55999755859375,25410700,2022-10-14
4572,98.86000061035156,100.93000030517578,98.83000183105469,99.97000122070312,28419200,2022-10-17
4573,103.12999725341797,103.47000122070312,99.97000122070312,100.7699966430664,24060700,2022-10-18
4574,100.01000213623047,101.0199966430664,98.91999816894531,99.62999725341797,23811100,2022-10-19
4575,100.0,102.31999969482422,99.38999938964844,99.97000122070312,25323200,2022-10-20
4576,97.8499984741211,101.30999755859375,97.72000122070312,101.12999725341797,32458700,2022-10-21
4577,101.80000305175781,102.75,99.9800033569336,102.5199966430664,27176400,2022-10-24
4578,102.9000015258789,104.81999969482422,102.72000122070312,104.4800033569336,40611400,2022-10-25
4579,96.43000030517578,98.30999755859375,94.69000244140625,94.93000030517578,88114100,2022-10-26
4580,94.5199966430664,95.43000030517578,91.80000305175781,92.22000122070312,60710900,2022-10-27
4581,92.2699966430664,96.55000305175781,92.12999725341797,96.29000091552734,43697300,2022-10-28
4582,95.41999816894531,96.02999877929688,93.9800033569336,94.51000213623047,31675000,2022-10-31
4583,95.44999694824219,96.02999877929688,90.37000274658203,90.47000122070312,47161400,2022-11-01
4584,90.94000244140625,91.18000030517578,86.87999725341797,86.97000122070312,57038300,2022-11-02
4585,86.31999969482422,86.5199966430664,83.33999633789062,83.43000030517578,61288000,2022-11-03
4586,85.4000015258789,86.63999938964844,83.70999908447266,86.58000183105469,51124900,2022-11-04
4587,87.27999877929688,88.9000015258789,86.8499984741211,88.48999786376953,34078900,2022-11-07
4588,88.9000015258789,90.31999969482422,87.58999633789062,88.9000015258789,30429000,2022-11-08
4589,88.44999694824219,89.44000244140625,87.27999877929688,87.31999969482422,31769100,2022-11-09
4590,92.25,94.38999938964844,91.61000061035156,93.94000244140625,51620100,2022-11-10
4591,94.69000244140625,96.93000030517578,93.91999816894531,96.41000366210938,33090500,2022-11-11
4592,95.08999633789062,96.79000091552734,94.51000213623047,95.69999694824219,30179500,2022-11-14
4593,98.26000213623047,100.13999938964844,96.70999908447266,98.44000244140625,41640800,2022-11-15
4594,97.9000015258789,99.63999938964844,97.63999938964844,98.8499984741211,29105200,2022-11-16
4595,96.97000122070312,99.27999877929688,96.79000091552734,98.36000061035156,26052600,2022-11-17
4596,98.7699966430664,98.9000015258789,96.37000274658203,97.43000030517578,28342300,2022-11-18
4597,97.29000091552734,98.4000015258789,95.36000061035156,95.5999984741211,21647400,2022-11-21
4598,95.94999694824219,97.22000122070312,94.05000305175781,97.05000305175781,23438500,2022-11-22
4599,97.08999633789062,98.76000213623047,97.08999633789062,98.45999908447266,18868100,2022-11-23
4600,98.23999786376953,98.63999938964844,97.4000015258789,97.45999908447266,9701400,2022-11-25
4601,97.04000091552734,97.58000183105469,95.61000061035156,96.05000305175781,26237500,2022-11-28
4602,95.7300033569336,96.12000274658203,94.11000061035156,95.19000244140625,20061700,2022-11-29
4603,94.81999969482422,101.04000091552734,94.41999816894531,100.98999786376953,43592300,2022-11-30
4604,101.0199966430664,102.25,100.25,100.98999786376953,28687100,2022-12-01
4605,99.05000305175781,100.7699966430664,98.9000015258789,100.44000244140625,21469400,2022-12-02
4606,99.4000015258789,101.37999725341797,99.0,99.4800033569336,24405100,2022-12-05
4607,99.30000305175781,99.77999877929688,96.41999816894531,96.9800033569336,24910700,2022-12-06
4608,96.41000366210938,96.87999725341797,94.72000122070312,94.94000244140625,31045400,2022-12-07
4609,95.37999725341797,95.58000183105469,93.44999694824219,93.70999908447266,32213300,2022-12-08
4610,93.7699966430664,94.26000213623047,92.75,92.83000183105469,28210600,2022-12-09
